date,ticker,topic,key_facts,view_or_decision,next_step,sources
2026-06-17,WBD,merger arbitrage,"Paramount Skydance deal $31.00 cash + $0.25/qtr ticking fee post-Oct-1-2026; definitive agreement 27 Feb 2026; original Netflix offer was $27.75 cash + Discovery Global spin; user cost $28.89; last ~$27; HSR + EU pending; close window Q4-2026 to Q1-2027","Position is merger-arb, not fundamental. User wants exit to redeploy. Current SELL @ $29 limit was set against $31 takeout — defensible vs takeout but inert at current market.","Decide: hold to deal close for $31 vs sell ~$27.50 to free capital for value rotation. Depends on what redeploys into.",WBD IR / Netflix IR
2026-06-17,PLTR,"valuation + open order","Trailing PE 217; forward PE 92; FCF yield 0.68%; rev +84.7% YoY; US commercial +133%; FY guide ~71%; price ~$130-132; user open BUY 14 @ $125 GTC; existing 10 sh @ $145.73 cost","Most expensive name in book. Open add contradicts ""short-lived hype"" classification unless explicit exit rule written. Anchoring risk: held at higher multiple than three names just passed on.","Decide: cancel +14 add OR shrink to BUY 7 @ $120 with exit triggers (trim 50% above $160, exit below $100, exit on US Federal contract loss).",PLTR 10-Q / GuruFocus
2026-06-18,PLTR,Citi upgrade,"Citi: Neutral → Buy/High-Risk; PT $235 (Tyler Radke); thesis ""enterprise AI spend + government modernization, AI supercycle 2026""; stock $130.63","Validates the ""hype intensifies"" leg of market_view. Makes the open BUY @ $125 less contrarian. Doesn't change the valuation problem (still 92x forward).","Reconcile: does upgrade change entry plan? Either let order ride with exit rules attached, or recognize the upgrade as the kind of hype-validation user wanted to fade not chase.",Yahoo Finance
2026-06-17,ACN,"earnings preview + trim debate","Cost $190.54; pre-print ~$166; -12.9% drawdown; reports 18 Jun pre-open; Street est rev $18.8B (+6%), EPS $3.71; existing SELL 25 @ $215 limit sits +29.5% above market","Limit at $215 mathematically un-fillable pre-print. Original thesis (AI services beneficiary) on the line.","Decide pre-print: cancel, layer (SELL 12 @ $195 + 13 @ $225), or hold through.",Newsroom / TipRanks
2026-06-18,ACN,"Q3 FY26 — REVENUE MISS, BOOKINGS DOWN","Revenue $18.7B (miss vs $18.93B est); EPS $3.80 beat $3.75; new bookings $19.3B vs $19.7B prior year (DOWN YoY); op margin 17.0% +20bps; announced $4.18B cybersec M&A (Dragos majority + runZero + NetRise); pre-market -11% to ~$148","Original AI-services-beneficiary thesis falsified by declining bookings. Position now ~-22% from cost. SELL @ $215 even more inert. Print quietly validates user's broader overvaluation thesis — first big-cap AI-adjacent name showing enterprise spend isn't booming.","Decide: cut at ~$150, hold for bounce SELL @ $175, or re-anchor as value (forward PE ~16). Hinges on what the original buy reason actually was.",ChartMill / MarketBeat
2026-06-17,MU,valuation surprise,"Forward PE ~10 (range 8.78-10.39, TradingView chart ~7); trailing PE 20-48 source-dependent; +783% in 52w; semis industry median forward PE 36; user holds 2 sh; earnings 24 Jun after-close","Despite +783% run, one of the CHEAPEST names in user's book on forward PE — 72% below sector. Market is paying for HBM/AI cycle inflection, not multiple expansion.","Pre-earnings 24 Jun decision: trim 1 sh (lock partial), hold all (accept vol), or treat as cycle bet to ride through.",GuruFocus / StockAnalysis
2026-06-17,APH,valuation check,"Forward PE 32.96 (GuruFocus tag ""modestly overvalued""); EV/EBITDA 23.24; tactical AI-datacom; CommScope CCS $10.5B acquisition closed Jan 2026; Barclays PT raised to $198","Runner-up most-expensive in book after PLTR. Rich but inside ""premium quality compounder"" territory, not extreme. Tactical sleeve ~10% already at cap.",No immediate action. Monitor for further runs that tip into extreme territory.,GuruFocus / Yahoo
2026-06-18,ANET,"screen — PASSED","Trailing PE 53; forward PE ~50; PEG ~1.5-1.9; rev +35% YoY; op margin 43%; net margin 38%; zero debt; ROE 31.5%; FY26 rev guide raised $11.5B; Strong Buy PT $189","User passed: valuation didn't justify the conviction. Cleanest quality of the AI-infra cohort but PE 50+ failed gates.",Watchlist re-entry trigger: PE drops below 35x.,Macrotrends / StockAnalysis
2026-06-18,CIEN,"screen — PASSED — too late","Trailing PE 173; forward PE 70; EV/EBITDA 97; +543% 52w; Q1 FY26 rev $1.43B +33% YoY; DCP rev +76% YoY; PT $520","User passed. Already the most-loved name in cohort, multiples extreme. Past sweet spot of move.",Watchlist as cycle-peaked reference; re-evaluate after >40% drawdown.,StockAnalysis / SEC 8-K
2026-06-18,LITE,"screen — PASSED — most interesting","Price ~$970 (peaked $1,085 May); trailing PE 178; forward PE 59; PEG 0.43 (standout); op margin 32%; net margin 18%; PT $1,111","User passed. PEG 0.43 was the most asymmetric signal — but stock already at $970. ""Bet the move continues"" rather than catching it. Move was already gone.",Watchlist re-entry trigger: forward PE drops below 40x.,StockAnalysis / GuruFocus
2026-06-17,C,trim candidate,"Trailing PE ~11x; at 17-year high; cost $129.03 avg; position 4.2% of book; +10.2% unrealized; earnings 14 July","Value thesis worked. Near fair-value zone. Trim conversation begun.",Set partial trim plan when ready.,CNBC / Investing.com
2026-06-17,SRL,"speculative +90% gift","Cost AU$8.89; last AU$16.87; +89.9% unrealized; pre-revenue developer; open BUY 185 @ AU$10 GTC (well below market); $5m Agni Semi equity announced; FID H2 2026","Outside value framework — must be tagged tactical/speculative in journal. The +90% deserves a take-some-off decision.",Decide: trim 50% on the gift OR formally tag and write the case in strategy.md.,Kalkine / Market Index
2026-06-17,GOLD+SILVER+GDX,"strategic vs tactical question","Combined 11.8% of book / $12,784; entire eToro red bucket; unrealized -$1,358 combined; GOLD CFD -8.5%, SILVER -6.3%, GDX -12.0%","Sleeve uncategorized in strategy. Tactical view = thesis broke. Strategic view = this is the add zone. Agent proposed codifying as strategic 10-12% target / 15% hard cap with multi-year horizon.",User to decide and update strategy.md.,—
2026-06-17,SNY,defensive pharma add,"Open BUY 57 @ $41.50 GTC; current ~$44.37; Dupixent expansions through 1H 2026 (CSU pediatric, AFRS, bullous pemphigoid); forward PE ~13x; defensive value characteristics","Fits value sleeve cleanly. Limit sits -6.5% below market — won't fill on current tape.",Hold the order. Filled cleanly if SNY breaks $42.,Investing.com
2026-06-17,FINV,thesis re-test,"Cost basis $6.05; last $4.95; -18% unrealized; forward PE ~3.9x; FY26 revenue guide -5% to -15% YoY (NEGATIVE)","Deep value but FY guide is negative. The 18% drawdown was real. Thesis ""China consumer credit recovery"" needs re-test.",Re-evaluate thesis. If broken, exit and redeploy.,StockAnalysis
2026-06-17,9618 (JD),value-distress hold,"Cost HK$137.31; last HK$112.40; -19.1% unrealized; forward PE ~9x; AGM 29 Jun (open forum, no votes); cheap China e-commerce","Cheap on multiples, sentiment-driven. Thesis intact if user believes China consumer recovery.",Hold.,Investing.com
